PA_rank_rev,PA_rank_rev.trend,lower.HPD,upper.HPD,fns,scale
2.4424242424242424,4.278039792727213,-24.185131041158456,31.625958087679464,Bac_richness,global
2.4424242424242424,-4.5495483954027804e-4,-0.014544602291834963,0.014020290825442316,Bac_shannonDiv,global
2.4424242424242424,1.3078746644623607e-4,-5.144241869743382e-4,7.665117019968193e-4,Bac_JaccDist_av,global
