LC,PA_rank_rev.trend,lower.HPD,upper.HPD,fns,scale
Grassland,30.459906573261833,-12.928359630168416,73.96720111829927,Bac_richness,global
Shrubland,22.566400632320438,-17.271321387321223,63.148223224503454,Bac_richness,global
Woodland,-128.43619028833928,-196.92257522139698,-55.82207928982098,Bac_richness,global
Grassland,0.011830731565169117,-0.010050765905816661,0.03390532169589733,Bac_shannonDiv,global
Shrubland,0.012000643954934276,-0.009211778681901706,0.031942868265332436,Bac_shannonDiv,global
Woodland,-0.07494539982940296,-0.10959071456954916,-0.03844152482759,Bac_shannonDiv,global
Grassland,7.945497103634125e-5,-8.876393190320186e-4,0.0010693491307449676,Bac_JaccDist_av,global
Shrubland,-9.534944199671713e-4,-0.0018489590173231818,-1.9254954082725817e-5,Bac_JaccDist_av,global
Woodland,0.003157365809997259,0.0016364938083484049,0.004776161975911464,Bac_JaccDist_av,global
