PA_rank_rev,PA_rank_rev.trend,lower.HPD,upper.HPD,fns,scale
2.4424242424242424,4.0961766772088595,-24.94738723267801,31.507285603613127,Bac_richness,global
2.4424242424242424,-5.689340276262556e-4,-0.015225048885668002,0.013626202343857585,Bac_shannonDiv,global
2.4424242424242424,1.3014197757144075e-4,-4.911914835332709e-4,7.729386845340969e-4,Bac_JaccDist_av,global
