LC,PA_rank_rev.trend,lower.HPD,upper.HPD,fns,scale
Dryland,4.059342975117033,-23.9575827132212,32.698113995895255,Bac_richness,global
Dryland,-5.527534456177818e-4,-0.015273640942496058,0.013820394887375187,Bac_shannonDiv,global
Dryland,1.2898999306543146e-4,-5.102641237186845e-4,7.72956182331086e-4,Bac_JaccDist_av,global
