LC,PA_rank_rev.trend,lower.HPD,upper.HPD,fns,scale
Grassland,30.687544112093747,-12.350207038398366,74.57288599119056,Bac_richness,global
Shrubland,22.355537614406785,-18.99441375170136,62.6254310644581,Bac_richness,global
Woodland,-128.44244567348505,-198.60269930004142,-57.84993327729171,Bac_richness,global
Grassland,0.011873951323138954,-0.0101346517269576,0.033985171152380644,Bac_shannonDiv,global
Shrubland,0.011882031863649445,-0.008172522101176583,0.032647310632569315,Bac_shannonDiv,global
Woodland,-0.07504049557184089,-0.11056714361552622,-0.03945461020816765,Bac_shannonDiv,global
Grassland,8.280547243799674e-5,-9.057460705150788e-4,0.001051934332451765,Bac_JaccDist_av,global
Shrubland,-9.499316024772497e-4,-0.0018438167189600563,-1.612131910633252e-5,Bac_JaccDist_av,global
Woodland,0.0031680590784048945,0.0015383891923903548,0.004722724968345915,Bac_JaccDist_av,global
